category,rank,company,linkedin_company_page,search_signal,lead_to_check,post_url,poster_type,poster_name,reactions,comments,checked_on,embed_ok
Large,1,Hilton,https://www.linkedin.com/company/hilton,Indexed text says a Hilton employee posted about #1 Best Workplace in Thailand,https://www.linkedin.com/in/rachel-davidson-1a90108/ (check Activity),,,,,,,
Large,2,DHL,,Indexed text quotes DHL Group post: Thailand's #2 Best Workplaces 2025 (Supply Chain / Express / Global Forwarding / eCommerce),Check DHL Express Thailand + DHL Supply Chain Thailand company pages,,,,,,,
Large,3,Allianz Ayudhya - Thailand,https://www.linkedin.com/company/allianz-ayudhya/,No Thailand-2025 post found (only 2026 certification posts),,,,,,,,
Large,4,Central Retail Corporation,https://www.linkedin.com/company/centralretail,No post found,,,,,,,,
Large,5,Mattel Bangkok Limited,https://www.linkedin.com/company/mattelasiapacific,Indexed text: Mattel Bangkok (MBK) recognised as #5 Best Workplace in Thailand 2025,Mattel Asia Pacific company page Posts tab,,,,,,,
Large,6,Hyatt Hotels Corporation,,No Thailand-2025 post found (only Best Workplaces in Asia 2026),,,,,,,,
Large,7,Central Pattana,https://www.linkedin.com/company/centralpattana,No post found (press release exists on centralpattana.co.th),,,,,,,,
Large,8,Schneider Electric,,Indexed text quotes post: ranked 8th Best Workplaces in Thailand 2025 / 4th consecutive certification,Schneider Electric Thailand employees' activity,,,,,,,
Large,9,Bosch Thailand,https://www.linkedin.com/company/bosch-thailand,Only certification posts found,,,,,,,,
Large,10,Accenture,https://www.linkedin.com/company/accenture-sea,No post found,,,,,,,,
Medium,1,Capella Hotels and Resorts,https://www.linkedin.com/company/capellahotels,No post found,,,,,,,,
Medium,2,Coats,,No Thailand-2025 post found,,,,,,,,
Medium,3,Cisco Thailand,,No post found,,,,,,,,
Medium,4,AbbVie Pharmaceuticals (Thailand) Ltd.,,No Thailand-2025 post found (SEA / Asia lists only),,,,,,,,
Medium,5,Grab Thailand,https://www.linkedin.com/company/grabapp,Indexed text quotes post: #5 Best Workplace in Thailand 2025 (Medium) / 86% / Wellbeing First 2026,Grab Thailand leaders' activity,,,,,,,
Medium,6,Dow Thailand,,No post found,,,,,,,,
Medium,7,DXC Technology Services (Thailand) Ltd.,https://th.linkedin.com/company/dxctechnology,Indexed text: ranked #7 Medium category,DXC Technology ASEAN showcase page,,,,,,,
Medium,8,Ericsson Thailand LTD,,No post found,,,,,,,,
Medium,9,Visteon Automotive Electronics (Thailand) LTD.,https://www.linkedin.com/company/visteon-thailand-limited,No post found,,,,,,,,
Medium,10,Shiseido Thailand,,No post found,,,,,,,,
Small,1,CoorsTek,,No post found,,,,,,,,
Small,2,Intrepid (Thailand) Limited,,No post found,,,,,,,,
Small,3,Alcon Thailand,,No Thailand-2025 post found (Best Workplaces in Asia only),,,,,,,,
Small,4,DISCO Hi-Tec (Thailand),,No post found,,,,,,,,
Small,5,Benefit Cosmetics LLC,https://www.linkedin.com/company/benefitcosmetics,No post found,,,,,,,,
Small,6,BIPO Service (Thailand) Company Limited,https://www.linkedin.com/company/bipo-svc,No post found,,,,,,,,
Small,7,Amgen (Thailand) Ltd.,,No post found,,,,,,,,
Small,8,Santen (Thailand) Co. Ltd.,,No post found,,,,,,,,
Small,9,Merz Aesthetics Thailand,https://www.linkedin.com/company/merz-aesthetics-inc.,No Thailand-2025 post found (Best Workplaces in Asia 2025 only),,,,,,,,
Small,10,Convergint (Thailand) Ltd.,,No post found,,,,,,,,
